File Name,ID
76.png,10XfKtLlt1HDRyWwxzhKkDvGaA1T5nO6Q
69.png,12N_sBu1f47yXfHTmoOtamyWVBtyj6UxT
80.png,14ZvJP3i7eXVEyFE5E_fB-YbBgrtGj1-Y
92.png,18xMl5n5-labZD-ybuTHPSqc9ER5jZ1DJ
78.png,1EOVrkrJmts1vKuZS0yQ_OpRWjvmPRer4
65.png,1G0EZuG1FoUTQoKSCLY-BIS3Pi2z7uc5M
91.png,1Gj2iGsdzUxWg2AfL1-X9wdY50WqpTCWX
68.png,1LnSNqi8YJ_4731CxG8dQWFqyABbG3zVs
83.png,1LpsmiNdc4LqyFKwCS6tgQ2fzy4mbutuq
90.png,1NM8I0MVdyMHBKu6hEl_toQXU-2sSVZQA
84.png,1OHleoNu9ZgPw_yJj7EkX3zaPcQMtrvSY
75.png,1OUKobqVhCF3BnPNU_uO-4MyKDFP4ML4D
86.png,1Qkxt-s9VvQ52Te3D4sfaQLUnPaLl9wcC
85.png,1Twn4kbuirXlmcTA2-aMa74rgSz_qyjnZ
94.png,1WBI2G5RX7JSL5pAw7RD-aYN5YFjjXQwm
71.png,1WZgs2K0dWPcmVvipjo-UbYzayM0OABUJ
74.png,1Z9A3tw9qi8FVNqUQg8Q9qGoSyY2DZNOz
73.png,1ZIMaNiddvY3BosQDj-ZraQCdarXsHhvZ
95.png,1Zi6QFHS0bux39GzrUEpZxPtpwTETaWqs
79.png,1_W0-MhogamQMXlqBUzFaseoYzjJv_WZk
97.png,1a_cYZPoqcUSE5umuSUtcxUuZh4cv4C04
67.png,1b4EkhnXuwfMvjbcPDo7gUt1lZ0kglWdk
81.png,1bt8egUKmEB0P8WLLvpWj_DKLiepGWtfR
70.png,1gZhl7Vo-diMbGFXxwNMUzvtb1yW0UxPC
98.png,1je3jyU4nfUHWMbOnShoMfUpBoPI3SPFN
99.png,1jfQeEx5PMLS-Zgc9cJf_IXLa2XPzg7l7
82.png,1lV8LjjY2Sna8qBzUmpdE5Q6Y622pvDhD
88.png,1mbceZblpcAXw7CQqezH3koNKqiSqNgNF
96.png,1mtTiXs5eCAGyY0XKIEZtJji8vEQCI6b8
87.png,1nkfdk5EDez3D6MRmitP7fvsqXH8ZYhQW
72.png,1rbEWVmZsK4YWM3QDs5UQU80DJISwOMRe
77.png,1wnItB31j_6zeknixVd08mk8cdrETLHr-
66.png,1yBXzx0_97cXhsOmBKLy9LGx9VuGTYyrQ
93.png,1z8x_wyVe_QDNma5r9UckuLCcLHjHKl5C
89.png,1zwXfCfR0rNKeF7n6NTlkrfj9lm4yZUf7
53.png,1-1_cE1xDJGtZaZpcXZj2PUkM6c7lb5xW
3.png,1-A2bupGwKLxvYF515-Mdfb6RvicJxTMF
35.png,1-aeCkcA8FfQlDryhEdHJeGKV_e0Wkl9i
9.png,1-vWV8bcRDErvHlHNHSnN_yOsW7HA9LId
24.png,10Bif2rPhD-AdTZ0briodS6AGo-RUBSwi
52.png,1568X1Hr5iR6MU8GqX7_Nlo8yJQz0SJ-K
44.png,1850mUGc0K6ifTdxdXr-Rx-FcQwzaNmuQ
38.png,18gn4g_LrLiS1TwGZQTKw6MVUYZPAm0yF
20.png,1B22wHMjHNQufz1kPXDxCrqKQhpuGumnp
19.png,1B_qZpN0mk7xF9-Z-lDGmNSF1uaKnw5Ft
39.png,1CLHIshPlRvM-_7bKme11PUWAtq5R9tN6
58.png,1DUZeXk2doq5d7G0Pu-P7Um3EIJPIj6ez
49.png,1F0lTalssOkRX4Zd8589CdwxWmI5OlnpF
30.png,1F8obtAuSyfLBJ1vC-JGumboeX2vka3fG
18.png,1FLseLByKVrDyGCI6MSGpjMMg_pQGAAfo
59.png,1FwP8HHMPN9wbkl0U0oTeemCfIWDfvRMF
22.png,1GJzBgBlvDazGRuzZ7Bm2UKv1fLhkOtJK
27.png,1GeVbMrgA3WIKBl9vmtVDVLRp3VfrkoPv
21.png,1IWHK-Dy8vlb8w5xjVN0LpMx074ZEAzZS
56.png,1JUCpYi2IZBlJzNYIyYAXiEcqrHmefqr4
37.png,1MDk6DY1dd7HaWtnvK83dj7nGfQpjspvh
5.png,1MQuMV-KsuWcL2ohJo_KYffQhp8WwIYjl
28.png,1OsJ8T2c5I4q-mKNdqAvM_GZEAnM_P35I
26.png,1QW7cZI-NWXHcgaIui46OuBEr94HPEfx1
48.png,1Qh6GRozv1yik8-iLy-rT91HmHHK2pWqI
8.png,1Qr57PORY3bI6RPDSe02CXC2dizOXGbua
60.png,1RYG-BdMHEEXAZnGtguC_6IIF48lKpxLA
6.png,1SJbveJQyKb2uqDOywtqXzlYp1bGdojK7
11.png,1T3iC0D0O4cWbmqNXWffM-A8xY_YzEySt
7.png,1U_2ud_pF9cx36EG9Ap9weDUOBZQ5xU2F
14.png,1VLp7dzLk0v1-VihvfqSWKOXLJZvJL_6Z
54.png,1WMVSMHaUzLu9-9wZZDX-cZpUwduXUEQ4
63.png,1XJVeZBvVuvbnOZ7oXUDTLd7yECXnMyHC
57.png,1Y7gzVKyqckit0Mpb-3MGZndd__o1fkPH
33.png,1YCDxTZJ6eFO3-t35Auri19GF0q1-kdZQ
61.png,1Y_3Ah3YUv14_Lyn5VSkZr9E7FLnc7xCP
10.png,1Yf_V5OxTFxqFURoRWBKj85hsqHm3S0eZ
17.png,1Yjv1Ne2LqXIS78zci743i8X09xt7aLem
40.png,1Z7oDhrI33hEgvILgKWdemzkDQ6wFQWKg
0.png,1bcc47TII4RfjQotQSroxG_SH4z66P_Q-
31.png,1bqIqXgEAgAzYh9Zyaee7gS5x0NcNYJCt
12.png,1cRrztxyACKGvMk-UURsuwrzG2lzjD8ox
32.png,1cqLvT8bjBNYXm9F2b325pm4OYfpoLzjX
43.png,1hpC34fIG_ENXFeE6bEq27j0YHTlUOJTH
25.png,1hwQVB-f4eLGYNLLDfXD0tXt3e1em_R13
1.png,1jBziYwLvOiL_iMapNxBLVj4MbYbS_SNL
47.png,1kckwpT--9mmdscqKRB_1zA7DaMTs4c1r
4.png,1mpUJUCb34VGl6fuNAWut1KgeL_RRRSEN
42.png,1nrh6vuyEoStTx-cs1qWz34h18mCw-Zir
62.png,1ocaL7x_kfPoVkTf0fTPfF99BElaFSVdE
23.png,1ogR85wo6UuF4PxUgSK1kt9COjzFCUgAR
51.png,1rvLRTBXMLYGlSrvxv0_vtB4gvCuFiDzT
45.png,1rx5TTpdS7bb4SeLRftLMC0oBjqRRxocQ
55.png,1sTUaYrRl99qf3MCLnxaRhQSl41HhfVjF
16.png,1sm09xncseXTH0n5ylMes9_glnLVnnU_b
29.png,1tCI3_DdzvHrToF_IqVPI7RZV1ch_oO64
15.png,1tNlumitw39ZtHA5nmXlJkb9csGJdPdK7
46.png,1uxjVAPgZahXUgfaif_T1IDCU2ptoJfCH
50.png,1v80lfaRCWzhh_VZ7Ev3iXx5jqo4RfcQg
41.png,1wZh06jW4QBV7KYK5KNCcyLYz3uTZV8Es
64.png,1xMZJTgvqIEQfA8Tgxr6k_6j7iO7gp94Y
2.png,1xpFJeM8dUBJPmSclsflXrsH3luED1V0K
36.png,1ypNTk3y_gsRYDGwqPYNl-i4N359gX79k
34.png,1zC-gUMGBIfkglfT834Mz4vkDgxsECLvM
13.png,1OCXwXWtrv0gJaevxFrABR8gYLVvvOiDD